"","path"
"1","Psi/North.aspx"
"2","Psi/Chu-Miao.aspx"
"3","Psi/Central.aspx"
"4","Psi/Yun-Chia-Nan.aspx"
"5","Psi/KaoPing.aspx"
"6","Psi/Yilan.aspx"
"7","Psi/Hua-Tung.aspx"
"8","PsiIsland/Matsu.aspx"
"9","PsiIsland/Kinmen.aspx"
"10","PsiIsland/Magong.aspx"
"11","javascript:showInfo('Keelung');"
"12","javascript:showInfo('Xizhi');"
"13","javascript:showInfo('Wanli');"
"14","javascript:showInfo('Xindian');"
"15","javascript:showInfo('Tucheng');"
"16","javascript:showInfo('Banqiao');"
"17","javascript:showInfo('Xinzhuang');"
"18","javascript:showInfo('Cailiao');"
"19","javascript:showInfo('Linkou');"
"20","javascript:showInfo('Tamsui');"
"21","javascript:showInfo('Shilin');"
"22","javascript:showInfo('Zhongshan');"
"23","javascript:showInfo('Wanhua');"
"24","javascript:showInfo('Guting');"
"25","javascript:showInfo('Songshan');"
"26","javascript:showInfo('Datong');"
"27","javascript:showInfo('Taoyuan');"
"28","javascript:showInfo('Dayuan');"
"29","javascript:showInfo('Guanyin');"
"30","javascript:showInfo('Pingzhen');"
"31","javascript:showInfo('Longtan');"
"32","javascript:showInfo('Hukou');"
"33","javascript:showInfo('Zhudong');"
"34","javascript:showInfo('Hsinchu');"
"35","javascript:showInfo('Toufen');"
"36","javascript:showInfo('Miaoli');"
"37","javascript:showInfo('Sanyi');"
"38","javascript:showInfo('Fengyuan');"
"39","javascript:showInfo('Shalu');"
"40","javascript:showInfo('Dali');"
"41","javascript:showInfo('Zhongming');"
"42","javascript:showInfo('Xitun');"
"43","javascript:showInfo('Changhua');"
"44","javascript:showInfo('Xianxi');"
"45","javascript:showInfo('Erlin');"
"46","javascript:showInfo('Nantou');"
"47","javascript:showInfo('Douliu');"
"48","javascript:showInfo('Lunbei');"
"49","javascript:showInfo('Xingang');"
"50","javascript:showInfo('Puzi');"
"51","javascript:showInfo('Taixi');"
"52","javascript:showInfo('Chiayi');"
"53","javascript:showInfo('Xinying');"
"54","javascript:showInfo('Shanhua');"
"55","javascript:showInfo('Annan');"
"56","javascript:showInfo('Tainan');"
"57","javascript:showInfo('Meinong');"
"58","javascript:showInfo('Qiaotou');"
"59","javascript:showInfo('Renwu');"
"60","javascript:showInfo('Fengshan');"
"61","javascript:showInfo('Daliao');"
"62","javascript:showInfo('Linyuan');"
"63","javascript:showInfo('Nanzi');"
"64","javascript:showInfo('Zuoying');"
"65","javascript:showInfo('Qianjin');"
"66","javascript:showInfo('Qianzhen');"
"67","javascript:showInfo('Xiaogang');"
"68","javascript:showInfo('Pingtung');"
"69","javascript:showInfo('Chaozhou');"
"70","javascript:showInfo('Hengchun');"
"71","javascript:showInfo('Taitung');"
"72","javascript:showInfo('Hualien');"
"73","javascript:showInfo('Yangming');"
"74","javascript:showInfo('Yilan');"
"75","javascript:showInfo('Dongshan');"
"76","javascript:showInfo('Sanchong');"
"77","javascript:showInfo('Zhongli');"
"78","javascript:showInfo('Zhushan');"
"79","javascript:showInfo('Yonghe');"
"80","javascript:showInfo('Fuxing');"
"81","javascript:showInfo('Puli');"
"82","javascript:showInfo('Matsu');"
"83","javascript:showInfo('Kinmen');"
"84","javascript:showInfo('Magong');"
"85","javascript:showInfo('Guanshan');"
"86","javascript:showInfo('Mailiao');"
"87","javascript:showInfo('Car1');"
"88","javascript:showInfo('Car2');"
"89","javascript:showInfo('Car3');"
"90","javascript:showInfo('Car4');"
